{"best_fitness":6.7125,"mesh_clients":[[6.358019403130484,26.478324059773996],[0.9107821074939508,7.597054393322509],[13.890696232390688,0.33520606283929055],[4.67198743109666,17.495441756343503],[27.06523922694184,2.1157874863262833],[18.69595354627159,25.030272301733298],[5.940687919737961,29.83365871661956],[3.4879984725790862,3.124273560427781],[8.090147974507374,8.626945108299928],[29.15799114812554,5.697904998748292],[10.151059774392436,18.546434404989284],[9.949741892247438,3.223566204078871],[14.041404272532844,10.972063725175062],[19.05591506252251,7.774759934937386],[3.3597412502839887,20.14342124143011],[17.49716442710733,5.640148707217648],[10.137881638622389,13.479674519006295],[22.626040581223485,10.696141144151902],[18.295261247293666,13.758076469534409],[4.321964442428616,23.650889326881348],[7.736757349062124,27.138308902243708],[10.118621562999614,12.113595173781121],[30.93901359808776,18.08347208397818],[10.319555627524068,23.016395332861023],[11.3153655000891,0.32424777821863415],[12.405987446433734,20.139736830635826],[29.754748174353928,28.606551603515094],[30.345878065103705,5.623359554850609],[12.457536912849129,23.510647301594133],[27.061820776596868,6.020374840242084],[3.3487552681132158,14.081280551183958],[13.243426422635935,28.123999797617046]],"mesh_routers":[[17.48330505302733,21.212560822841823],[19.411510824322267,21.55995444473858],[17.477410869926455,20.723388193737286],[7.573200365369348,3.242533229533527],[9.695530921592972,28.942818135013663],[6.076641957954576,13.6504012388582],[0.3433808817397533,13.006508978205211],[12.539886199376587,3.2659537221450234],[17.19462586991443,2.8979625465171965],[10.272764563088934,11.866048194525025],[27.95698230419902,12.175999759967624],[21.388463415843628,23.863632002532977],[18.801323773712955,20.73744570127883],[0.19811398351160048,20.243153120316883],[23.778212684869505,2.8161841275387],[18.381515181036022,20.71245928712556]],"ncmc":18,"ncmcpr":1.125,"sgc":6}